CustomerID,Gender,Geography,Age,Tenure,Balance,NumProducts,HasCreditCard,IsActiveMember,EstimatedSalary,Churn
1,Male,India,45,6,97462,4,1,1,110327,0
2,Female,India,24,7,102201,3,0,1,26400,1
3,Female,Spain,52,6,63254,2,0,0,124274,0
4,Female,France,72,10,118764,2,1,0,74422,0
5,Male,France,45,5,61992,1,1,0,104031,1
6,Male,Germany,31,6,80102,1,1,1,18085,0
7,Male,Germany,73,4,58369,1,1,1,64702,1
8,Female,France,27,6,49795,2,0,0,80183,1
9,Female,India,33,0,101325,1,0,1,121211,1
10,Female,India,33,0,163656,2,1,0,107216,1
11,Male,India,71,8,59147,2,0,0,64300,1
12,Female,Spain,48,4,106459,4,1,1,92717,1
13,Female,Spain,59,4,60222,1,1,0,130262,1
14,Male,India,42,2,69685,4,0,1,72000,1
15,Male,France,30,4,122727,3,0,1,67645,1
16,Male,Spain,23,2,37793,3,1,1,10000,0
17,Male,India,61,8,29855,3,0,0,68837,1
18,Female,Germany,26,8,67384,2,0,0,10414,1
19,Male,Spain,62,5,89909,2,1,1,75426,1
20,Male,India,53,0,83909,2,1,0,119525,1
21,Female,Germany,73,6,80820,1,0,0,10000,1
22,Male,India,60,6,71023,4,1,1,129368,0
23,Male,Spain,37,9,93596,2,1,1,66791,1
24,Male,Spain,35,9,0,4,1,1,78913,1
25,Male,Spain,60,3,47475,4,1,0,59903,0
26,Female,India,74,7,67191,4,1,1,11470,1
27,Male,Spain,38,5,91136,1,1,0,48680,1
28,Female,France,21,3,114692,1,0,0,163896,0
29,Female,India,67,3,43447,3,0,1,36158,0
30,Male,France,50,1,113712,3,1,1,16458,1
31,Female,India,44,1,56423,4,1,1,85651,0
32,Male,Germany,24,3,66102,3,0,1,76568,0
33,Male,India,23,4,87442,4,1,1,67066,1
34,Female,India,32,7,63902,1,1,1,80577,0
35,Female,India,35,5,103303,1,1,1,105768,1
36,Female,Germany,49,3,57861,1,1,1,56513,1
37,Male,India,73,10,58313,2,1,1,87776,0
38,Male,France,28,6,101559,4,0,1,120954,0
39,Female,India,37,7,47106,1,0,1,40188,1
40,Male,India,41,1,77467,4,1,0,10000,1
41,Male,India,32,6,20185,3,0,1,106832,1
42,Male,France,65,1,124589,3,1,0,180118,0
43,Male,India,24,1,106196,1,1,1,79705,0
44,Female,Germany,38,7,152503,4,1,0,88077,0
45,Male,Spain,59,1,110150,1,0,1,68167,0
46,Female,Germany,43,10,36110,3,0,1,143522,1
47,Male,India,61,8,90059,1,1,0,76889,1
48,Female,India,73,0,42459,4,1,0,72537,1
49,Female,Spain,31,8,117341,3,1,0,116434,0
50,Male,India,74,0,36965,2,1,1,60629,0
51,Female,Spain,54,9,35525,3,1,0,28612,1
52,Female,India,38,9,21705,2,1,0,115292,1
53,Female,Spain,35,1,55348,1,0,0,56338,1
54,Female,France,22,5,49315,1,0,1,40981,1
55,Female,Spain,20,5,32150,4,1,0,164001,1
56,Female,India,40,0,129694,2,1,1,72856,1
57,Male,France,43,6,85896,1,1,0,99769,1
58,Male,India,54,7,82367,2,1,1,81181,1
59,Male,India,41,1,117674,1,1,0,44547,1
60,Male,Germany,66,7,77687,3,1,1,107577,1
61,Male,Spain,36,8,47539,1,1,0,92583,0
62,Male,Spain,68,5,18993,4,1,1,53624,0
63,Female,France,42,4,45848,3,1,1,97327,0
64,Male,India,38,8,115162,4,1,1,59427,0
65,Male,India,29,10,32339,3,1,1,35820,1
66,Female,France,74,8,80593,2,0,1,31773,1
67,Male,India,58,0,101017,4,0,1,90802,0
68,Female,India,50,10,78560,1,1,1,64690,0
69,Male,India,67,2,81969,2,1,0,140068,0
70,Female,India,70,8,89668,1,1,1,78281,0
71,Female,India,21,10,81378,3,1,1,48591,1
72,Male,India,59,1,118272,3,1,0,86312,1
73,Male,India,74,3,38791,1,1,0,28229,1
74,Female,India,24,3,77212,1,1,0,76634,1
75,Female,Spain,39,1,15452,2,1,1,92766,1
76,Female,India,72,2,7787,1,0,0,87826,0
77,Female,India,50,2,67549,4,1,0,132111,1
78,Male,Germany,34,0,86301,4,1,0,183900,1
79,Male,India,41,5,118920,1,1,1,106855,0
80,Male,Spain,51,7,142593,4,1,1,127151,0
81,Female,France,45,2,109595,1,1,0,181738,1
82,Female,India,60,4,91814,2,0,0,39750,0
83,Male,India,58,0,74798,4,1,0,85225,0
84,Male,Spain,56,9,24063,4,1,1,60880,1
85,Male,Spain,39,6,65618,1,1,1,113706,1
86,Male,India,66,9,108711,4,0,1,90864,1
87,Female,Germany,34,0,96948,3,0,0,47262,1
88,Female,India,51,10,31409,2,0,1,80437,1
89,Female,Spain,23,8,88420,2,0,1,121876,0
90,Male,India,63,7,85851,4,0,0,27851,0
91,Male,Spain,23,6,80496,4,1,0,48106,0
92,Female,Germany,51,9,69164,3,0,0,42108,0
93,Female,Germany,18,6,89967,3,0,1,93055,0
94,Female,India,27,4,90919,4,1,1,129620,1
95,Female,India,38,4,50756,4,0,1,10000,1
96,Male,India,22,10,83650,3,0,1,83775,0
97,Female,India,19,4,64318,1,1,0,43031,1
98,Male,India,39,0,25382,3,0,1,120216,1
99,Male,France,65,7,53151,1,1,1,70521,0
100,Male,India,74,10,23089,2,0,0,85226,0
101,Male,India,19,0,99402,2,1,1,79946,1
102,Female,Spain,27,3,80676,3,1,0,124968,0
103,Male,Spain,51,8,59335,1,1,0,161945,1
104,Female,Spain,33,8,112615,3,1,1,34613,0
105,Female,Spain,65,4,72039,3,1,1,41897,1
106,Male,India,68,3,27063,1,1,1,92859,0
107,Male,India,56,2,56815,3,0,0,47343,1
108,Female,France,39,2,118985,2,1,1,117343,0
109,Male,Germany,29,4,49915,4,1,1,123764,1
110,Male,India,41,9,78256,4,1,1,58136,1
111,Male,France,64,0,92316,3,0,1,49458,1
112,Male,India,57,4,87698,1,1,1,69008,1
113,Female,India,55,5,143483,1,1,0,84160,1
114,Female,India,27,6,34710,2,0,1,92593,1
115,Female,Germany,52,8,37706,1,1,0,10000,0
116,Female,Germany,68,2,35207,1,0,0,41301,0
117,Female,India,66,1,61122,2,1,1,63836,1
118,Male,Spain,49,2,102981,3,0,1,48120,0
119,Female,India,24,8,39047,4,1,0,10000,1
120,Female,India,38,6,103400,2,1,1,10000,1
121,Female,Spain,37,8,71053,3,1,0,27785,1
122,Female,Spain,43,1,36730,2,1,1,75388,0
123,Male,Spain,21,4,17458,3,1,1,62551,0
124,Male,France,63,3,24172,2,0,1,54737,0
125,Male,Germany,69,1,50024,3,1,0,111860,1
126,Male,Germany,39,8,64925,2,0,1,111845,1
127,Female,India,32,8,110381,3,1,1,85996,1
128,Female,India,73,5,93972,2,0,1,84804,0
129,Male,India,57,10,44831,4,1,1,45733,0
130,Female,India,38,5,82259,4,1,1,50520,0
131,Male,France,32,7,119546,1,1,0,11694,0
132,Male,India,39,5,126217,3,1,1,69969,0
133,Male,India,69,0,60567,2,0,1,111429,0
134,Male,India,45,3,98748,3,1,0,134173,1
135,Female,Germany,31,6,111698,4,1,1,70208,0
136,Male,India,44,1,24787,3,0,0,99666,1
137,Female,Spain,58,8,54627,2,1,1,10000,0
138,Female,India,57,7,136600,3,1,1,62682,0
139,Male,India,45,7,60968,2,1,0,61745,0
140,Female,Germany,43,6,0,4,1,1,139646,1
141,Female,France,66,3,66371,4,1,0,95717,0
142,Male,India,19,1,103738,4,1,0,99770,0
143,Male,Germany,42,2,70195,1,0,0,97693,1
144,Male,Germany,73,5,91460,4,1,1,81817,1
145,Male,India,20,4,98146,3,1,0,141294,0
146,Male,Spain,25,7,59351,1,0,1,10000,0
147,Female,France,61,5,54418,4,1,1,85848,1
148,Female,Germany,50,5,74603,3,1,0,125192,1
149,Male,Spain,59,0,75333,3,1,1,10000,1
150,Male,Spain,69,3,71622,3,1,1,113516,1
151,Female,France,52,4,72854,2,0,1,49553,0
152,Male,France,23,10,47543,1,1,0,84392,0
153,Male,Germany,56,2,92508,3,0,0,48785,0
154,Male,Germany,69,8,87976,2,1,0,118366,1
155,Female,Germany,40,0,29919,4,1,0,68465,0
156,Male,France,42,5,58325,3,1,0,113831,1
157,Female,India,67,5,72792,2,0,0,97413,1
158,Female,Spain,60,9,53970,3,1,0,48248,1
159,Male,Spain,36,4,89121,1,1,0,100074,1
160,Female,India,22,4,67993,1,0,0,53457,1
161,Male,France,68,9,75072,4,1,0,82565,1
162,Female,India,28,4,57978,3,1,1,67736,1
163,Female,India,73,5,10203,2,1,0,115996,1
164,Female,France,29,7,8489,4,0,1,101612,1
165,Male,India,27,1,87688,3,0,0,78771,1
166,Female,France,25,5,78007,4,1,1,52571,0
167,Male,France,41,0,83159,2,1,0,29240,1
168,Male,India,45,3,74034,4,0,1,85426,0
169,Male,India,58,9,76437,4,0,1,54708,0
170,Female,India,53,2,99070,4,1,0,10000,0
171,Female,Germany,54,8,83338,3,1,1,26798,0
172,Male,Spain,38,2,101227,2,0,1,145035,1
173,Female,Germany,25,5,75143,1,1,0,53600,1
174,Male,India,72,0,60988,3,1,1,123286,1
175,Female,Germany,26,5,75826,1,0,1,65734,1
176,Male,India,64,3,44914,1,1,1,129583,1
177,Female,France,32,7,58604,3,1,0,126686,0
178,Male,India,65,10,75327,3,1,1,46972,1
179,Female,France,63,8,74929,2,1,1,10000,0
180,Male,India,57,3,66807,2,1,1,10000,0
181,Male,Spain,35,9,28354,4,1,1,47653,0
182,Male,India,59,9,89092,1,0,0,155585,0
183,Female,Germany,37,5,95026,2,1,1,63577,0
184,Female,Spain,23,0,119310,4,1,0,85809,1
185,Male,India,29,3,83253,2,0,0,132133,1
186,Female,Spain,19,6,70043,3,0,1,84412,0
187,Female,Germany,24,0,39609,2,0,1,83035,0
188,Female,India,33,7,114760,1,1,0,104906,0
189,Female,India,20,9,77434,2,0,1,91558,1
190,Male,France,62,10,75801,1,0,0,76021,0
191,Male,India,20,5,62378,3,1,1,51142,1
192,Female,Germany,44,4,60460,1,1,1,83139,1
193,Female,India,67,9,90648,2,0,0,123775,1
194,Female,Germany,60,10,39356,4,1,0,151280,1
195,Male,India,57,8,118762,3,1,0,91691,1
196,Male,Spain,55,1,112225,2,1,1,110206,1
197,Female,Spain,50,4,59378,3,1,0,90789,1
198,Female,Spain,45,5,44084,3,0,0,76506,1
199,Female,France,18,6,9543,2,1,1,100570,1
200,Female,India,72,4,32457,2,1,1,127573,0
201,Female,France,25,8,91897,4,0,0,44545,1
202,Male,India,54,0,79460,3,0,1,21944,1
203,Male,India,49,6,84809,3,1,0,58679,0
204,Female,India,65,9,14632,2,0,1,88466,0
205,Female,India,60,6,58125,1,1,0,114794,1
206,Male,France,54,3,111018,2,0,0,40419,1
207,Male,Germany,21,8,67119,3,1,1,10000,0
208,Female,India,47,10,31831,2,1,0,59622,1
209,Male,India,23,4,66651,4,1,1,72243,1
210,Male,Spain,63,3,46869,1,1,0,33509,1
211,Female,India,71,6,80010,2,1,0,49756,1
212,Female,India,36,3,70616,4,1,1,114691,1
213,Female,India,49,2,86298,3,1,1,83124,1
214,Male,France,26,8,33462,2,1,1,93824,0
215,Female,Germany,29,10,56538,3,1,0,65772,0
216,Male,India,28,7,102713,4,1,0,49835,0
217,Male,India,63,0,29371,3,1,0,65484,0
218,Female,Germany,72,6,39906,4,1,0,99955,0
219,Female,Germany,33,8,75978,4,0,1,20347,1
220,Female,India,18,7,78601,4,1,1,146006,0
221,Female,Spain,62,7,55334,2,1,0,102994,1
222,Female,India,72,5,61647,3,1,0,58564,1
223,Male,India,70,10,85996,3,1,0,112536,0
224,Male,Spain,38,3,95489,1,1,0,128893,0
225,Male,India,47,7,37923,1,1,0,66786,0
226,Male,Germany,30,2,80929,1,0,1,71336,1
227,Female,India,51,8,115360,1,0,1,139738,0
228,Male,India,21,1,66523,3,1,1,164759,0
229,Female,Spain,45,1,37604,4,1,1,81177,1
230,Female,India,55,6,36217,4,0,1,33671,1
231,Female,Spain,48,9,65177,2,0,1,61175,1
232,Female,India,72,3,101075,4,0,0,121320,0
233,Female,India,44,9,68777,3,1,1,38791,0
234,Male,India,22,7,75676,3,1,1,71668,1
235,Male,Germany,42,8,40109,3,1,0,91703,1
236,Female,India,20,6,99493,2,1,1,43091,1
237,Male,Spain,50,4,35630,1,1,0,123857,0
238,Male,India,21,7,54865,4,1,1,107758,1
239,Female,Spain,42,3,88897,3,1,1,160381,0
240,Male,India,37,1,8817,3,0,1,111258,0
241,Female,Spain,51,10,75218,1,1,1,41564,0
242,Female,France,43,5,38827,3,1,1,101214,1
243,Female,France,22,8,70496,4,1,1,119520,1
244,Male,France,52,0,59438,2,0,1,121579,1
245,Male,France,45,10,133175,3,0,1,48926,1
246,Female,Germany,46,9,58206,4,0,1,44146,1
247,Male,India,26,6,125279,3,1,1,34414,0
248,Female,India,69,9,87608,1,1,1,144189,1
249,Female,Spain,55,8,45956,3,0,1,104915,1
250,Female,Germany,67,9,79924,3,1,1,47151,1
251,Male,France,23,8,60867,2,1,1,85087,1
252,Male,India,36,9,77264,1,0,0,75052,0
253,Female,India,61,10,48583,1,1,0,41096,1
254,Male,India,74,2,120705,2,0,1,81447,1
255,Male,Germany,28,10,97761,3,1,0,87627,0
256,Female,India,19,4,70953,4,1,0,157250,1
257,Female,India,64,7,121873,1,1,1,53772,1
258,Female,India,61,7,72228,1,0,0,11624,1
259,Female,India,61,3,102928,3,1,0,38041,1
260,Male,Germany,26,10,71149,3,1,1,44294,1
261,Female,India,38,10,81816,1,1,1,62922,1
262,Female,France,41,0,67556,3,0,1,38139,0
263,Male,India,51,0,72859,4,0,1,112884,1
264,Female,India,39,3,75115,1,0,1,35358,0
265,Female,India,20,5,49908,4,0,0,80800,0
266,Female,India,29,7,57967,4,1,1,160007,0
267,Female,India,45,5,63497,3,1,1,102142,1
268,Female,India,47,8,76891,4,1,0,98030,1
269,Male,Germany,43,8,69082,3,0,0,154292,0
270,Male,India,65,1,105190,2,1,1,129825,1
271,Female,Germany,38,9,95413,3,0,0,102604,0
272,Female,Spain,45,0,64110,4,1,1,67570,1
273,Female,France,73,1,111453,2,1,0,79092,0
274,Female,India,43,4,126190,3,1,1,77147,1
275,Female,India,50,3,8685,4,1,1,63942,0
276,Female,India,38,3,97968,1,0,0,88481,1
277,Female,India,52,8,49210,1,1,0,94029,1
278,Female,Spain,69,10,94022,3,1,1,30214,1
279,Female,India,51,7,107147,3,1,1,145281,0
280,Female,India,58,5,43690,1,1,1,96391,0
281,Female,Germany,68,0,14430,4,1,1,69488,0
282,Male,France,64,1,95063,4,0,1,88847,1
283,Male,Germany,35,5,74062,4,1,0,117214,0
284,Male,India,28,10,19946,3,0,0,21332,1
285,Female,India,74,1,145886,2,1,0,75797,1
286,Male,India,40,9,88732,2,1,1,32565,1
287,Male,India,65,4,90103,2,0,0,186280,1
288,Female,India,39,4,110974,2,1,0,85527,1
289,Male,India,34,5,52575,2,1,1,32890,1
290,Female,India,22,5,73913,3,1,1,223978,0
291,Male,India,61,5,30420,3,1,0,58559,0
292,Male,India,28,1,51761,2,1,0,71636,1
293,Female,Germany,47,9,81569,3,1,1,74528,0
294,Male,Germany,32,2,20041,3,1,1,46081,1
295,Male,France,44,5,50911,2,1,1,89894,1
296,Female,India,52,7,42161,4,1,0,10000,0
297,Female,India,50,10,74262,3,1,1,123435,1
298,Male,India,37,0,87241,4,1,1,34887,0
299,Female,Germany,33,0,92264,3,0,0,63387,1
300,Male,France,51,10,99964,3,0,1,110060,0
301,Male,India,19,1,111163,2,0,0,71821,1
302,Female,Spain,52,10,88217,3,1,0,73458,0
303,Female,India,57,5,126620,1,1,1,39516,0
304,Female,India,73,8,73585,1,1,0,163825,1
305,Female,France,45,3,64800,2,1,0,101259,1
306,Female,Spain,64,2,88219,4,0,1,36688,1
307,Female,France,56,7,63507,4,1,1,87127,1
308,Male,France,23,10,125576,4,1,1,33861,1
309,Female,India,26,9,103929,1,1,1,148896,0
310,Male,France,37,8,92508,4,1,0,87985,1
311,Male,India,18,10,73942,4,1,1,40978,0
312,Male,Spain,25,4,57775,2,1,1,107903,0
313,Male,India,72,8,91039,4,1,1,68876,1
314,Female,France,40,1,36187,1,1,1,28470,0
315,Female,India,20,2,116030,1,1,1,95241,1
316,Female,Germany,21,6,64670,1,0,1,94113,0
317,Male,India,42,6,79153,2,1,1,125509,1
318,Male,France,64,5,42711,2,1,0,82580,1
319,Male,India,55,5,91689,3,1,1,84282,1
320,Male,India,32,1,56387,4,0,0,86405,1
321,Female,India,38,9,89476,2,1,0,143811,1
322,Female,India,52,5,92721,1,1,0,67597,1
323,Female,Spain,74,3,50571,1,0,1,98778,1
324,Male,India,70,2,36294,2,1,1,104669,0
325,Female,Spain,70,10,115956,2,0,1,93991,1
326,Female,India,63,1,64231,2,0,1,66083,1
327,Female,India,69,0,76745,3,0,1,84824,0
328,Female,France,31,10,84563,1,0,0,76253,0
329,Male,Germany,53,10,32388,3,1,0,158368,0
330,Male,India,29,4,83879,3,0,1,61689,1
331,Male,Germany,34,1,72973,4,0,1,43496,1
332,Female,France,56,1,50694,1,0,1,79751,1
333,Male,India,26,6,35303,1,0,1,76932,1
334,Male,Spain,52,7,88176,2,0,0,87873,0
335,Male,Spain,30,9,103831,2,1,1,61702,1
336,Male,Germany,32,7,75357,4,0,1,84414,0
337,Female,India,35,3,26966,3,1,1,85184,1
338,Female,Germany,68,0,38280,2,1,0,116239,0
339,Male,India,50,10,57036,2,0,1,83720,1
340,Male,India,23,6,116938,1,1,1,84099,0
341,Male,India,44,0,62597,1,0,0,100653,0
342,Male,India,40,10,55942,2,0,1,114706,0
343,Male,Spain,44,3,19795,1,0,1,40652,1
344,Male,France,51,7,50299,4,1,1,29907,1
345,Male,France,73,1,33011,2,1,1,147819,0
346,Female,India,63,5,39904,1,1,1,108163,1
347,Female,India,55,5,73598,4,1,1,71224,1
348,Male,India,31,8,57965,1,1,0,80788,1
349,Male,Spain,53,4,120984,1,0,0,64297,1
350,Female,India,70,9,102340,1,1,0,88451,1
351,Female,Spain,25,3,51733,2,0,1,41126,1
352,Female,Germany,52,4,42495,3,0,1,113606,1
353,Female,India,36,9,111479,1,0,1,87018,1
354,Male,France,47,10,119801,4,0,1,88465,1
355,Male,India,31,4,4172,2,1,1,44242,0
356,Female,Spain,37,7,72785,2,1,1,100970,1
357,Male,Spain,66,9,62443,4,0,0,45161,0
358,Female,India,42,7,89473,1,1,1,52313,0
359,Female,India,57,1,128280,3,1,1,83504,0
360,Female,Germany,41,6,55478,1,1,1,180293,0
361,Male,Spain,31,7,8179,4,0,1,86858,0
362,Female,India,43,10,87370,2,1,1,10000,0
363,Male,Germany,55,5,111698,3,1,0,54299,1
364,Female,Germany,40,4,60887,2,1,1,107349,0
365,Female,France,39,10,48848,4,1,1,34861,1
366,Male,India,65,8,56882,1,0,1,113244,0
367,Female,France,74,2,95506,3,0,1,86352,1
368,Female,Spain,36,9,56366,2,1,1,119653,1
369,Male,India,63,3,79862,2,1,1,57645,0
370,Male,India,68,8,70834,2,0,1,54528,1
371,Male,Spain,20,5,67738,1,1,1,102599,1
372,Male,India,59,7,91038,3,1,1,79698,1
373,Male,Spain,36,6,55642,1,1,1,77279,1
374,Female,India,26,10,57082,1,1,1,142758,1
375,Male,India,45,1,93928,1,1,1,104165,0
376,Male,Spain,37,2,40392,4,1,0,10000,1
377,Female,India,62,0,43593,4,1,1,111962,1
378,Male,India,24,8,32190,4,0,0,107958,1
379,Female,India,31,6,95470,3,0,1,127396,0
380,Male,Germany,26,0,66842,1,0,0,42412,0
381,Male,India,72,2,30591,1,0,0,92992,0
382,Female,India,74,3,95614,4,0,0,84465,0
383,Female,Spain,36,3,53333,1,0,0,41694,0
384,Female,India,64,4,43849,1,1,0,117870,0
385,Female,Germany,69,2,64129,2,0,1,70338,0
386,Female,India,31,2,114361,1,1,1,126109,1
387,Male,France,73,0,58151,2,0,1,50285,0
388,Male,India,55,6,87260,1,1,1,21576,1
389,Female,Spain,70,10,91812,3,1,0,70297,0
390,Female,India,53,9,83298,4,0,1,89276,0
391,Female,India,57,0,108132,2,1,0,58632,0
392,Male,India,34,1,48786,4,1,0,10000,0
393,Male,India,47,3,38699,2,1,1,95345,1
394,Female,India,26,3,38111,2,1,0,95159,1
395,Male,India,50,4,65665,2,1,1,107486,1
396,Female,France,73,10,41588,3,1,0,64780,0
397,Female,India,69,1,74426,1,1,1,62597,0
398,Male,India,42,3,72309,2,0,1,137612,0
399,Female,Germany,31,0,100557,3,1,0,16983,0
400,Female,France,28,1,78734,2,1,1,70115,0
401,Male,India,70,0,57515,1,1,0,85692,0
402,Female,India,52,9,82325,2,0,1,104240,0
403,Female,India,58,9,39094,3,1,0,86790,0
404,Female,France,31,3,68855,1,1,1,43120,0
405,Male,Germany,47,3,79582,3,0,1,126704,1
406,Female,India,58,6,73879,1,1,0,80076,0
407,Male,France,21,9,82451,1,1,1,13279,1
408,Male,France,21,10,50678,4,1,1,88367,1
409,Female,Germany,45,10,104560,4,1,1,99011,0
410,Male,Spain,25,8,124665,4,1,1,158429,1
411,Male,India,19,8,21919,1,1,0,96350,0
412,Female,India,58,4,33532,2,1,1,20718,1
413,Female,India,63,9,71292,3,0,0,22123,1
414,Female,India,39,0,62303,3,0,0,130348,1
415,Female,India,58,0,126892,3,1,1,47887,1
416,Male,Spain,73,5,76593,4,0,1,18016,1
417,Male,India,72,1,111776,1,0,1,120020,1
418,Male,India,33,7,8526,4,1,0,60970,1
419,Female,India,46,8,94425,2,0,1,117880,1
420,Female,Spain,66,3,48534,1,1,0,43411,1
421,Female,India,65,4,48053,3,0,0,138952,0
422,Female,India,47,10,62549,4,1,0,114882,1
423,Male,India,29,7,27262,4,1,1,51092,1
424,Male,India,52,2,83283,2,0,1,13584,0
425,Male,Spain,28,4,75721,2,1,0,172206,1
426,Female,Spain,63,2,77985,4,0,1,71591,0
427,Male,India,67,9,96610,2,1,0,49490,0
428,Female,Spain,38,2,115443,3,1,1,135452,0
429,Male,Germany,38,2,59088,2,1,1,117830,1
430,Male,Spain,22,6,84320,2,1,1,127311,0
431,Male,India,65,6,78789,4,1,1,76059,0
432,Female,India,37,6,81328,4,1,1,155242,1
433,Female,India,54,9,81777,1,1,1,27575,1
434,Male,Germany,20,7,117715,1,0,1,57918,1
435,Male,India,61,4,56209,4,1,1,95595,0
436,Female,India,50,4,24227,2,0,0,126724,1
437,Male,India,70,3,49063,2,1,0,106446,0
438,Female,France,26,6,92718,1,0,1,76685,1
439,Female,India,26,9,70699,1,1,1,60994,0
440,Male,Germany,21,3,55972,1,0,0,126940,1
441,Male,Spain,52,1,37705,3,0,1,110575,1
442,Female,India,34,3,76638,3,1,1,45019,0
443,Male,Germany,51,7,89335,1,1,1,43829,1
444,Male,India,41,8,79176,2,1,1,58180,1
445,Female,Spain,49,2,62400,1,0,1,53049,1
446,Female,India,18,6,74399,3,0,1,121193,0
447,Female,Germany,25,8,74225,2,1,1,97429,0
448,Female,France,62,10,75690,3,1,1,102311,0
449,Male,Spain,40,3,34470,2,0,1,87666,1
450,Male,Germany,64,9,75919,3,1,1,89550,1
451,Female,India,57,2,56782,2,1,0,16727,1
452,Female,Germany,29,4,101218,2,1,1,111767,0
453,Male,Spain,71,0,73987,2,1,1,57460,1
454,Female,Germany,29,2,95064,2,1,0,78673,1
455,Male,India,63,7,60946,4,0,0,61073,1
456,Male,Spain,64,10,62028,3,0,1,85834,0
457,Male,Germany,32,7,114827,3,1,1,102923,1
458,Male,Germany,58,3,83090,4,1,0,39645,0
459,Male,India,36,1,48564,2,1,0,90109,1
460,Male,Germany,43,7,96909,2,1,0,62039,1
461,Male,India,69,7,54000,3,1,1,132858,1
462,Female,Germany,46,9,76770,4,1,0,35414,1
463,Female,India,39,3,125100,2,0,0,39899,1
464,Female,Germany,57,2,27061,2,0,1,65617,1
465,Female,Spain,38,1,64726,2,1,1,42974,1
466,Male,India,68,8,82248,1,1,1,71024,1
467,Male,Spain,55,0,92940,4,0,0,58884,1
468,Female,India,37,6,32762,2,1,1,83536,0
469,Male,Spain,74,4,23926,1,1,1,120322,1
470,Female,France,46,7,102722,4,1,1,82851,0
471,Male,Germany,68,3,48387,2,0,1,86494,1
472,Female,France,21,6,47131,3,1,1,37707,1
473,Male,Spain,72,4,116507,1,0,0,74637,1
474,Female,India,24,4,72091,1,1,1,63129,1
475,Female,India,45,8,72287,2,0,0,107265,1
476,Female,Germany,45,8,64606,2,1,1,49417,1
477,Male,France,21,8,33280,1,0,0,45573,0
478,Female,France,39,5,90270,3,1,0,92697,1
479,Female,France,29,5,82283,3,1,1,159204,1
480,Female,India,62,4,75060,4,0,0,72962,1
481,Female,France,20,8,66510,2,1,1,86728,0
482,Female,India,39,9,61230,3,0,0,117920,0
483,Male,India,61,7,97374,4,1,0,100396,1
484,Female,India,19,6,65761,3,1,1,100659,1
485,Female,India,41,6,68078,2,1,1,76192,1
486,Female,India,51,5,85896,4,1,1,76970,1
487,Male,India,44,4,76238,4,1,0,49794,0
488,Male,Germany,72,3,119268,4,1,1,99454,1
489,Female,India,58,2,17158,3,0,1,98542,1
490,Female,India,18,2,78997,2,1,1,108686,1
491,Male,India,25,5,48831,4,1,1,60475,0
492,Female,India,40,3,41737,1,0,1,113205,1
493,Male,India,55,5,56288,2,1,1,125333,1
494,Male,India,23,2,71640,1,0,1,31441,0
495,Male,Germany,39,3,72972,1,1,1,68125,1
496,Male,Germany,42,8,24480,4,0,1,127000,1
497,Female,Germany,35,4,53767,4,1,0,54017,1
498,Male,India,34,6,78436,3,1,0,101150,0
499,Female,India,29,9,43692,3,0,1,80343,1
500,Female,Spain,23,1,36556,3,0,0,93235,0
501,Female,India,43,4,2316,2,1,0,81562,0
502,Female,India,44,8,50104,3,1,0,109846,1
503,Male,India,25,10,35511,1,0,0,39139,1
504,Female,India,36,2,40482,3,0,1,43467,1
505,Female,India,59,8,61845,4,1,1,138580,1
506,Male,India,18,10,52005,3,1,1,164014,0
507,Female,Germany,74,5,35012,2,1,0,79783,1
508,Female,India,46,3,6524,2,1,1,148610,0
509,Female,Germany,62,6,79069,1,0,1,49129,0
510,Female,France,66,7,92584,2,1,1,58736,1
511,Female,France,52,5,58097,3,1,1,138299,0
512,Male,France,57,4,62026,4,0,0,112164,0
513,Female,Spain,31,5,70084,2,1,1,144257,1
514,Female,India,52,4,117363,1,1,1,98742,1
515,Male,India,65,7,22968,3,1,1,39498,0
516,Male,India,62,0,57565,1,1,1,88943,0
517,Male,Germany,37,10,18340,2,0,0,128080,1
518,Female,Spain,73,6,80869,2,1,1,74690,1
519,Female,India,66,9,65681,1,1,1,68542,1
520,Male,Spain,30,9,76089,3,0,0,99354,1
521,Female,India,55,10,74593,2,1,1,57619,1
522,Male,Spain,66,1,99721,4,1,0,91820,1
523,Female,India,63,8,86143,2,1,0,82540,1
524,Female,India,66,0,94915,3,1,0,60383,1
525,Female,India,25,10,38033,2,1,0,119229,0
526,Male,India,60,9,105795,1,1,1,105839,0
527,Male,India,37,5,48329,2,1,0,65853,1
528,Male,India,50,8,50053,2,1,0,79401,1
529,Male,France,43,0,78125,3,0,1,69148,1
530,Female,India,56,3,79057,1,1,1,54454,1
531,Female,India,38,3,37844,3,1,1,12069,0
532,Female,Germany,70,8,64801,2,1,1,60646,1
533,Female,France,66,10,114647,4,1,1,55038,0
534,Female,India,59,4,25949,2,1,0,84595,1
535,Female,India,60,4,114556,3,1,1,97627,1
536,Female,India,71,5,62749,4,0,0,47912,1
537,Female,India,58,0,0,3,0,1,94939,1
538,Male,Germany,26,0,28998,3,1,0,41750,1
539,Male,India,41,8,41095,1,1,1,74988,0
540,Male,India,54,2,51282,4,0,1,55903,0
541,Female,France,66,3,66858,2,0,1,109846,0
542,Female,India,58,0,0,3,1,0,84670,0
543,Male,Germany,34,8,75604,2,1,1,75593,0
544,Female,India,41,7,38347,1,1,1,54990,1
545,Female,Spain,38,1,111715,1,1,1,66846,1
546,Male,India,68,7,61894,4,0,0,153162,0
547,Male,France,56,6,98285,1,1,0,59956,1
548,Female,Germany,72,10,103310,1,1,1,99176,0
549,Female,India,58,5,102498,2,1,1,75494,1
550,Female,Germany,56,0,53007,1,0,1,98033,1
551,Female,Spain,30,6,52623,1,0,1,113479,0
552,Female,Germany,28,9,63250,3,0,1,65840,0
553,Female,France,63,6,89087,1,1,1,108390,1
554,Female,Spain,36,8,54679,3,1,1,190265,0
555,Female,India,28,0,66422,1,1,0,102701,0
556,Male,India,30,1,78207,1,1,1,144543,1
557,Male,Germany,63,10,42853,4,1,0,99241,0
558,Male,India,62,8,40956,4,1,0,42721,0
559,Female,France,18,8,65252,3,0,0,91027,0
560,Female,Spain,57,5,69225,1,1,0,66784,0
561,Female,India,61,5,83016,2,1,1,56162,1
562,Male,India,36,3,90156,4,1,1,77096,1
563,Male,France,29,3,37028,2,1,1,73809,1
564,Male,India,25,4,45637,4,1,0,37603,1
565,Male,France,25,2,40877,4,1,1,188338,1
566,Female,India,70,0,112373,1,1,0,112314,1
567,Male,Germany,62,0,66391,4,1,1,89775,1
568,Male,India,29,6,70483,2,1,1,83595,1
569,Female,Germany,65,0,71733,4,1,1,128093,1
570,Male,India,50,0,48529,3,0,1,163022,0
571,Female,Germany,62,2,116928,1,1,1,107403,1
572,Female,India,43,9,82330,1,1,0,84847,1
573,Male,France,56,3,71187,3,0,1,138905,1
574,Female,Spain,45,3,36842,3,0,1,85694,1
575,Female,India,22,1,35142,3,0,0,97412,0
576,Female,India,25,0,60732,4,1,1,120040,1
577,Male,India,42,2,49000,1,1,1,64540,1
578,Female,Germany,44,10,37976,3,1,1,10000,1
579,Male,Germany,63,3,58871,4,1,0,62596,1
580,Male,India,40,2,63507,3,1,0,110920,1
581,Male,India,47,7,74253,2,1,1,108102,1
582,Female,India,62,9,54882,2,1,0,133706,1
583,Male,Germany,64,0,39771,1,1,1,64126,0
584,Male,India,40,1,40812,4,0,1,143237,0
585,Female,Spain,66,6,106389,2,1,1,87402,1
586,Male,India,64,3,32447,2,1,1,104176,1
587,Male,Germany,37,7,80895,4,1,1,116144,1
588,Male,India,35,10,85586,3,1,0,24733,1
589,Male,India,35,2,66361,4,1,0,39804,1
590,Male,France,19,5,123034,3,0,1,38476,0
591,Male,Germany,21,8,85051,2,1,1,122888,1
592,Female,Spain,47,0,125287,2,0,1,67781,0
593,Male,India,50,0,50468,2,1,1,161103,1
594,Male,India,53,7,50981,1,1,1,80135,0
595,Female,France,35,2,85826,1,1,0,21145,1
596,Male,Germany,54,4,62156,1,1,0,53103,0
597,Female,India,36,0,120569,4,1,0,84695,1
598,Male,India,64,4,80251,2,1,1,100607,0
599,Male,India,45,10,38662,2,1,1,40606,0
600,Male,Spain,57,5,17895,4,1,1,102739,0
601,Male,India,37,7,67652,1,1,1,113421,1
602,Male,India,66,2,67326,4,1,1,54362,0
603,Male,India,50,2,79412,1,0,1,158766,1
604,Male,India,29,10,106320,2,1,0,58693,1
605,Male,India,68,10,102373,3,1,1,40004,0
606,Male,India,32,9,52632,1,1,1,18831,1
607,Male,India,58,8,31185,2,0,0,128825,1
608,Male,France,56,3,32976,2,1,1,80915,1
609,Female,India,19,3,47895,3,0,1,60828,0
610,Female,India,46,6,58998,2,0,0,21034,1
611,Male,Spain,58,1,79151,2,1,1,64429,1
612,Female,Germany,27,7,45970,1,1,1,175257,1
613,Female,India,19,5,78411,1,0,0,10000,0
614,Male,India,68,2,80861,3,1,1,54733,1
615,Female,India,28,8,74300,3,1,0,151711,0
616,Female,Germany,30,4,36141,2,1,1,129958,1
617,Male,Spain,27,7,84034,1,0,0,57174,0
618,Male,Germany,31,6,132438,3,1,1,88143,0
619,Female,Germany,35,7,77376,3,1,1,98517,1
620,Female,France,68,6,0,4,1,0,85353,1
621,Male,India,71,2,107226,3,1,1,151378,0
622,Male,India,26,1,48917,2,1,1,93590,1
623,Male,Germany,74,6,137971,1,0,1,125420,1
624,Male,Spain,56,2,73490,3,1,1,87263,0
625,Female,India,45,2,19458,4,1,1,10000,0
626,Male,Germany,20,1,8059,1,1,0,32303,1
627,Male,India,37,3,116192,3,1,0,40604,1
628,Female,India,23,7,103177,4,0,1,70028,1
629,Male,India,44,0,136780,3,1,1,163136,1
630,Male,India,70,0,70327,1,1,0,94496,0
631,Female,France,19,4,68304,1,1,1,75768,0
632,Female,India,46,10,58518,1,1,0,129542,0
633,Female,Germany,55,4,50251,2,1,1,21924,1
634,Female,France,20,10,58227,3,1,0,60412,1
635,Male,Spain,33,0,76523,2,0,0,54506,1
636,Male,India,47,5,44682,1,1,1,95921,1
637,Female,India,57,0,19921,4,1,0,115833,0
638,Male,India,19,4,74796,3,1,1,98859,1
639,Male,Spain,34,8,44014,2,1,0,99492,0
640,Male,Spain,58,4,0,3,1,1,65555,1
641,Male,India,29,5,86577,4,0,1,92830,0
642,Male,France,52,7,36758,2,0,0,46406,0
643,Male,India,60,10,89853,1,1,1,106965,0
644,Male,Germany,18,0,89135,2,0,1,59975,1
645,Male,India,72,1,78507,3,1,1,35139,1
646,Female,France,62,8,144904,3,0,1,81512,1
647,Female,India,32,2,65858,3,1,1,10000,0
648,Female,France,43,5,61430,3,1,0,138974,0
649,Female,France,54,4,90510,1,0,0,111883,1
650,Male,France,38,10,68336,2,1,1,93478,1
651,Male,India,66,1,104814,1,0,1,15052,1
652,Female,India,48,6,31935,1,1,0,51992,1
653,Female,India,42,3,32434,1,0,1,81622,0
654,Female,India,40,0,92974,3,1,1,69475,0
655,Male,India,41,3,35055,3,1,1,12457,0
656,Male,Spain,74,5,88272,3,0,0,27342,1
657,Male,Germany,55,6,81100,2,0,1,68676,1
658,Male,India,45,6,49165,4,1,0,28668,0
659,Female,India,38,6,81015,3,0,1,134855,0
660,Female,India,71,2,32962,2,1,1,99781,1
661,Male,Germany,60,5,40003,3,1,1,47861,0
662,Female,India,35,7,62884,3,1,0,126766,1
663,Female,Spain,53,3,72367,1,1,0,118708,0
664,Male,India,52,7,60890,1,1,1,91558,0
665,Male,Spain,62,1,82993,1,1,1,78416,0
666,Male,Spain,72,9,81653,2,1,0,68061,1
667,Male,India,26,8,115881,4,0,1,58402,1
668,Male,Spain,70,8,67141,4,0,0,26528,0
669,Male,India,55,7,105836,2,1,0,141133,0
670,Male,France,47,9,97621,3,1,0,59179,1
671,Male,India,61,9,138819,2,0,0,81128,1
672,Female,Spain,51,0,66182,3,1,0,43590,1
673,Male,Spain,49,1,57389,2,1,1,69621,0
674,Female,France,20,5,107730,2,0,1,194031,0
675,Male,France,20,9,81562,2,1,1,50960,1
676,Female,India,45,4,108449,4,0,0,137943,1
677,Male,India,61,8,91503,1,1,0,78887,1
678,Male,India,32,4,6797,2,0,0,107197,1
679,Female,India,58,1,81289,4,1,0,129783,1
680,Female,Germany,40,9,79336,1,0,1,90890,0
681,Female,India,57,3,73993,1,1,1,65931,0
682,Male,Spain,28,8,66032,2,1,0,72556,1
683,Male,Germany,65,0,22235,3,0,0,73902,1
684,Female,France,49,10,96225,3,1,0,154574,1
685,Female,India,74,0,81213,3,1,0,20634,1
686,Female,Spain,71,6,103058,2,0,1,10000,1
687,Female,Spain,53,10,23837,3,1,0,11837,0
688,Male,India,50,2,85214,4,1,1,44242,0
689,Female,Germany,41,9,62960,4,1,1,108003,1
690,Male,France,56,1,74313,4,1,1,110456,0
691,Male,India,51,8,63305,4,1,1,55699,0
692,Male,India,73,2,86308,1,0,1,78860,1
693,Female,India,45,1,65113,4,1,0,35348,0
694,Male,India,54,7,38442,3,1,1,39057,0
695,Male,India,24,9,72592,2,1,1,103194,0
696,Female,India,21,5,63574,3,1,0,121907,1
697,Male,India,54,5,67498,4,1,1,60927,0
698,Female,India,73,9,0,1,0,1,145400,0
699,Male,Spain,18,10,90479,4,0,1,118624,1
700,Male,India,18,6,60560,2,0,0,143669,1
701,Female,Spain,64,6,29555,3,0,0,67962,1
702,Male,India,37,10,97676,2,1,1,140827,0
703,Male,India,36,5,89090,2,0,0,167181,1
704,Male,India,46,3,60180,2,0,1,63499,0
705,Male,India,27,10,35434,3,0,1,73833,1
706,Female,India,35,8,75340,4,0,0,42091,1
707,Male,Germany,45,5,73693,2,0,1,34231,1
708,Female,India,52,3,97730,3,0,1,34697,1
709,Male,Germany,60,2,56687,1,1,0,47541,1
710,Female,Germany,64,3,105847,3,1,1,90989,1
711,Female,India,48,2,53792,1,0,1,49232,1
712,Female,India,44,1,29625,3,1,1,89766,1
713,Male,France,28,4,36031,4,1,1,90593,1
714,Male,India,66,1,68127,2,0,1,61195,1
715,Male,India,66,5,68034,4,0,1,77494,0
716,Female,Spain,55,2,79835,3,1,1,58883,0
717,Female,India,22,5,67288,2,1,1,67570,0
718,Female,Germany,25,10,99319,1,0,1,47645,1
719,Male,Spain,51,9,62167,3,0,1,83364,1
720,Female,India,65,8,10111,2,1,0,55978,1
721,Female,India,69,0,66367,1,0,1,33357,1
722,Male,India,73,5,9796,1,0,1,103737,0
723,Male,India,29,8,78141,4,1,0,105091,1
724,Female,India,55,10,101715,3,1,1,124467,1
725,Female,Germany,18,3,40413,1,1,0,39024,1
726,Female,India,48,10,112556,2,1,0,60762,0
727,Male,India,21,1,95284,1,0,1,89219,0
728,Female,Spain,66,3,106194,1,0,1,59918,1
729,Male,France,62,0,75686,4,1,0,102836,1
730,Male,Germany,67,2,40217,4,0,1,99917,0
731,Male,India,22,9,93424,2,1,1,99171,0
732,Female,Germany,47,8,51261,4,1,0,138386,1
733,Female,India,73,9,73536,1,1,1,105763,1
734,Female,India,41,4,64859,1,0,1,86155,0
735,Male,India,20,10,103740,4,1,1,72258,0
736,Female,Spain,28,5,91909,1,1,1,75045,1
737,Male,India,62,2,67583,1,1,1,37431,1
738,Female,India,21,4,11451,2,0,0,10000,0
739,Male,India,43,10,50943,4,0,0,98550,0
740,Male,India,44,7,91126,1,0,1,128945,0
741,Male,France,63,5,78403,4,1,1,66795,0
742,Male,France,71,3,24903,2,1,0,143483,1
743,Female,France,60,1,15802,4,1,1,72939,0
744,Female,India,44,8,75865,1,1,1,10000,1
745,Male,India,59,0,38288,4,0,0,116729,0
746,Female,India,68,0,41176,1,1,0,60828,1
747,Male,India,67,3,90178,1,0,0,120351,0
748,Female,India,23,6,106067,1,1,1,28898,1
749,Female,France,32,0,47478,2,1,0,96481,1
750,Female,India,70,8,68657,4,1,1,47981,1
751,Male,India,47,3,67772,2,1,1,88056,0
752,Female,India,59,2,65073,4,0,1,110664,0
753,Female,India,54,0,71217,2,0,0,101376,0
754,Male,India,54,9,92694,3,1,1,82774,1
755,Male,Spain,59,3,49782,1,1,1,24861,1
756,Female,France,54,8,24241,1,0,1,109213,0
757,Female,Spain,52,9,120700,2,0,1,121257,0
758,Female,India,40,5,102682,3,1,1,38280,0
759,Female,India,23,5,36890,1,0,1,44158,0
760,Female,India,21,0,74068,4,1,0,122942,0
761,Male,India,35,9,100321,2,1,0,71662,1
762,Male,France,26,1,92471,1,0,0,45195,0
763,Male,India,66,10,83860,1,0,1,90902,0
764,Female,India,46,5,64893,2,1,0,54459,0
765,Male,India,30,1,121819,2,1,0,86441,0
766,Female,India,64,2,76625,4,1,1,63471,1
767,Female,France,69,3,54551,4,1,0,66899,1
768,Female,India,34,10,96132,1,0,0,124415,1
769,Male,India,62,4,72881,1,1,0,10000,1
770,Female,India,49,8,80493,2,1,1,102190,0
771,Male,India,65,3,76094,1,0,1,117818,0
772,Female,France,39,10,84903,1,1,0,55120,1
773,Male,Spain,21,8,40646,2,0,1,117510,1
774,Male,Spain,22,10,26466,1,0,1,41639,0
775,Female,France,54,9,113023,1,0,1,53600,0
776,Male,India,58,2,77487,3,1,1,48993,1
777,Male,Germany,66,7,93125,4,1,1,118051,0
778,Female,India,30,0,17207,2,1,1,10202,0
779,Female,India,51,10,102000,3,1,0,145605,1
780,Female,France,62,8,54355,4,1,0,67802,1
781,Female,India,39,8,45813,4,0,0,104596,1
782,Female,Spain,70,9,68098,4,0,1,101148,1
783,Male,India,40,1,40660,3,0,1,86049,0
784,Male,Germany,68,3,69948,3,0,1,55972,0
785,Male,Germany,20,7,65909,4,1,0,129694,1
786,Female,Spain,59,6,101811,1,1,1,59405,1
787,Female,Germany,51,0,115400,1,1,1,50750,1
788,Male,Germany,49,4,114445,3,0,1,115108,0
789,Male,India,62,6,2064,3,1,1,85829,0
790,Female,India,68,3,41944,3,1,1,134312,1
791,Male,India,66,0,1753,4,0,1,77493,1
792,Female,France,38,8,34193,1,1,1,53964,0
793,Female,India,63,4,50514,3,1,1,90989,0
794,Female,Germany,61,10,82316,3,1,0,62095,1
795,Male,India,38,1,54402,2,1,0,55123,0
796,Female,India,61,7,55237,4,1,1,113275,1
797,Female,France,28,10,75452,2,0,0,153262,1
798,Female,India,56,1,18720,1,1,1,70141,1
799,Female,India,21,2,44842,2,0,0,41010,1
800,Female,India,68,9,54893,2,0,1,73861,0
801,Female,Spain,18,0,63927,2,1,0,100592,0
802,Male,France,45,10,72308,4,1,0,90299,0
803,Female,India,41,1,115019,1,1,1,127769,0
804,Female,India,52,6,97250,2,1,0,106603,1
805,Male,India,30,9,46920,4,1,0,35863,0
806,Female,France,64,1,62160,1,1,0,60267,0
807,Female,Germany,51,5,60116,3,1,1,24766,1
808,Female,India,28,2,54575,2,0,0,125787,1
809,Male,India,53,3,78175,1,1,1,10000,0
810,Male,India,68,10,14206,2,0,1,28666,0
811,Female,Germany,34,7,96421,3,1,1,59527,1
812,Female,France,52,2,120806,1,0,1,102556,1
813,Male,India,35,9,61904,4,1,1,59133,0
814,Female,India,57,5,61319,1,0,0,65390,1
815,Female,India,39,0,74711,4,1,1,66178,0
816,Female,Spain,74,6,100581,1,1,0,86911,1
817,Female,India,41,7,60271,4,0,1,31179,0
818,Male,France,36,10,98018,3,1,1,42112,1
819,Male,Germany,54,7,84654,3,1,1,147236,0
820,Male,India,56,2,140848,3,1,1,96095,1
821,Female,India,38,9,60140,1,0,0,110431,1
822,Male,India,25,0,10719,3,1,1,82321,0
823,Male,Germany,45,8,27011,2,1,1,74388,1
824,Male,France,22,5,70357,3,1,0,98285,1
825,Female,Germany,34,10,100836,4,0,1,109104,1
826,Female,India,54,8,50424,4,1,1,113843,0
827,Male,India,53,6,63072,4,1,1,74937,0
828,Male,Spain,71,0,90545,1,1,1,118215,1
829,Female,France,36,0,41043,2,1,0,10000,0
830,Male,India,44,5,51661,3,1,0,115691,0
831,Male,Spain,70,4,34968,2,0,1,62923,0
832,Male,Germany,51,8,105346,2,1,1,102135,1
833,Male,Germany,28,1,116250,4,1,0,54026,0
834,Male,France,71,7,22617,4,0,0,26932,1
835,Male,France,62,10,65734,4,1,1,93588,1
836,Male,Germany,64,4,112217,1,0,0,19938,1
837,Female,India,29,1,81960,2,1,0,64012,1
838,Male,India,71,9,55322,2,1,0,47502,1
839,Female,Spain,38,10,23615,1,0,0,72998,0
840,Female,India,71,10,104588,1,1,1,111888,1
841,Male,India,28,5,80815,1,1,1,60406,1
842,Female,India,56,9,25810,2,0,0,92583,1
843,Male,India,45,7,105696,2,1,0,109573,1
844,Female,Germany,22,3,21987,4,1,0,55709,0
845,Male,Spain,34,1,63385,4,1,1,56289,1
846,Male,India,73,10,62061,2,0,0,134773,1
847,Male,India,37,4,118551,4,1,1,76824,1
848,Female,India,58,1,62168,1,0,1,100365,1
849,Female,Spain,63,1,62060,3,1,0,100062,1
850,Female,Germany,29,5,29107,4,0,0,32080,0
851,Male,India,23,10,50788,2,1,0,49564,0
852,Female,France,34,9,45481,4,1,1,95013,0
853,Male,Spain,68,8,47043,4,1,1,10000,1
854,Female,France,36,3,70188,4,1,0,71548,1
855,Male,Spain,43,5,0,3,0,1,45388,1
856,Male,India,65,6,24693,1,0,0,124420,1
857,Male,France,61,10,66669,2,1,1,93844,1
858,Male,India,61,5,73637,3,1,1,127649,1
859,Female,France,69,7,62997,2,0,1,78435,1
860,Male,France,49,3,68776,2,1,1,75444,1
861,Female,France,23,0,57726,2,1,1,67802,0
862,Male,Germany,72,6,69444,3,1,1,59877,1
863,Female,India,53,2,83024,1,0,1,187386,0
864,Male,India,55,5,82814,2,0,1,112286,1
865,Male,Spain,28,1,49331,1,0,0,37352,1
866,Female,Spain,50,8,97452,1,1,0,185572,0
867,Male,India,41,0,74713,4,1,1,63800,0
868,Male,India,40,5,106966,3,1,1,92846,1
869,Female,India,32,5,112986,3,1,1,117583,1
870,Female,France,44,4,26718,4,1,1,18481,0
871,Male,France,28,4,44229,4,1,1,46906,1
872,Male,India,74,0,94406,1,1,1,145926,1
873,Female,India,68,9,20053,2,0,1,71006,0
874,Male,France,67,4,112605,3,1,1,119946,1
875,Male,France,34,1,59683,2,1,0,61861,1
876,Male,India,68,6,87250,2,0,0,76197,1
877,Female,Germany,70,2,66508,4,1,1,151410,1
878,Female,India,31,3,28228,2,0,0,97500,0
879,Male,India,44,2,101666,1,1,1,66206,1
880,Male,Germany,35,2,152521,4,1,0,52665,0
881,Male,Germany,45,3,54549,2,1,0,56324,1
882,Female,Spain,68,4,60329,4,1,1,129662,1
883,Male,Germany,64,0,0,1,0,1,110619,1
884,Male,France,64,3,110545,1,1,0,34052,0
885,Female,India,21,10,97352,2,0,1,83487,0
886,Male,India,24,7,17998,4,1,1,77327,0
887,Female,India,62,9,8053,2,1,1,92643,1
888,Male,India,52,6,11523,2,1,0,55857,0
889,Male,France,65,8,89355,4,1,1,123912,0
890,Male,Spain,26,4,92349,2,1,1,79946,1
891,Female,India,25,9,42299,1,1,0,94937,0
892,Female,India,69,3,84977,4,1,1,48612,0
893,Female,France,62,7,74766,4,1,1,50627,1
894,Male,India,34,8,58981,4,0,1,186300,1
895,Female,Germany,34,6,99105,4,1,1,152003,1
896,Male,France,66,6,33851,2,1,0,77212,0
897,Male,Germany,50,4,104426,2,0,0,141320,1
898,Female,India,49,3,48144,1,1,1,128509,1
899,Male,India,25,9,123446,3,0,1,54991,1
900,Male,France,36,0,39840,3,1,1,51002,1
901,Male,Germany,55,9,59452,1,0,1,106747,0
902,Male,India,20,9,71757,3,1,0,90402,1
903,Male,France,22,6,71569,1,0,0,63919,1
904,Female,India,30,0,84724,2,1,1,108849,1
905,Male,France,64,0,31429,4,1,0,22300,1
906,Female,India,63,4,68880,4,1,1,84600,1
907,Female,Spain,48,8,74143,2,1,0,30443,1
908,Male,India,72,5,54167,4,1,1,31760,1
909,Male,India,33,2,82121,4,0,0,51729,0
910,Male,India,67,2,29608,3,0,1,94531,1
911,Female,India,49,6,60206,2,1,1,52990,1
912,Male,Spain,39,5,47404,3,1,0,31275,0
913,Female,Spain,46,8,60297,3,0,0,99089,1
914,Male,India,39,5,113411,4,1,0,139709,1
915,Female,India,60,4,113993,4,0,1,105554,1
916,Male,France,20,9,108112,2,0,0,152071,1
917,Male,Spain,71,6,56132,4,1,1,136367,1
918,Female,Germany,27,0,97228,4,1,1,60502,1
919,Female,India,59,6,73370,2,1,1,105286,0
920,Male,India,38,2,71367,4,1,0,76334,1
921,Female,Germany,33,8,67679,3,1,1,122483,1
922,Male,India,29,5,122752,2,1,0,76327,1
923,Female,Germany,19,8,110975,4,0,1,48452,1
924,Female,India,58,4,92346,1,0,1,134936,1
925,Male,France,41,6,64890,2,1,1,92711,1
926,Male,India,52,3,71186,2,1,1,53458,1
927,Male,Germany,73,6,85916,1,1,0,60050,0
928,Female,India,47,0,54351,4,0,0,53203,1
929,Female,Germany,74,6,98149,4,0,1,39930,0
930,Male,India,47,7,42362,2,1,0,60899,0
931,Male,Germany,64,4,81755,2,0,1,94920,1
932,Female,Germany,52,1,1308,4,1,1,82562,0
933,Female,Germany,36,4,53481,4,0,1,62471,0
934,Female,Germany,67,5,132330,3,0,1,139820,1
935,Male,Germany,25,1,101085,2,1,1,10000,0
936,Male,France,43,5,116064,2,1,1,92245,1
937,Male,India,66,5,49980,1,1,1,74289,1
938,Female,France,57,0,73113,3,0,1,41192,0
939,Male,India,24,0,108459,4,1,0,94578,1
940,Female,India,47,10,88992,3,0,0,71210,1
941,Male,India,24,9,85256,4,1,1,129882,1
942,Female,India,20,2,118917,4,1,1,114722,0
943,Female,France,18,9,38786,3,0,1,156245,1
944,Female,France,53,9,64472,2,1,0,60667,1
945,Male,France,42,2,17377,4,0,0,135862,0
946,Male,India,54,3,37146,3,1,0,33365,1
947,Male,India,18,1,102225,1,1,0,75574,1
948,Female,India,32,8,42479,3,1,0,61390,0
949,Female,India,54,9,92065,1,0,1,104097,0
950,Female,India,30,10,119754,4,1,1,103131,1
951,Female,India,57,6,64661,3,1,1,43975,1
952,Female,India,25,6,85595,3,1,0,106327,0
953,Male,Germany,22,5,92299,1,1,0,64780,0
954,Female,France,26,2,33355,3,0,1,47328,1
955,Male,Spain,18,5,51506,3,1,1,79528,1
956,Male,Spain,53,7,39890,4,0,0,20926,0
957,Female,Germany,52,7,53898,3,0,1,117252,0
958,Male,India,19,10,91483,2,1,0,77775,1
959,Male,Germany,57,8,52144,1,1,1,78650,0
960,Female,France,40,0,68945,3,1,1,76513,0
961,Male,India,26,0,38726,1,1,0,145874,0
962,Female,India,51,2,106792,1,1,1,140755,0
963,Male,France,63,2,53646,1,1,0,134030,0
964,Male,India,31,9,115689,3,1,1,76598,0
965,Male,Germany,21,7,71827,3,0,1,35375,1
966,Male,Germany,47,9,27790,1,1,1,79360,0
967,Female,India,48,0,64869,2,0,1,92576,0
968,Male,India,55,1,38116,1,1,1,112504,0
969,Female,India,28,1,87680,2,1,0,92447,1
970,Male,India,52,2,62159,1,1,1,38940,0
971,Female,India,25,5,74896,4,1,0,58583,1
972,Female,France,20,0,58919,1,0,0,54954,0
973,Female,India,31,1,53339,1,1,1,101562,0
974,Male,India,30,0,40791,3,0,0,102543,1
975,Male,India,62,4,95086,2,1,0,107785,1
976,Male,Spain,49,6,64805,4,1,1,92041,1
977,Female,India,51,7,60559,2,1,0,10000,1
978,Male,India,62,9,64053,4,0,1,10965,0
979,Male,Spain,36,0,49634,1,0,0,74392,1
980,Female,France,55,6,60659,3,0,0,83923,1
981,Male,India,33,4,76168,3,1,0,130146,1
982,Female,France,19,9,38975,2,1,1,83111,0
983,Male,India,57,0,43319,3,0,1,40962,0
984,Male,India,34,2,111348,2,1,0,106486,1
985,Female,India,72,6,59117,2,1,0,79309,0
986,Male,India,51,9,53453,4,1,1,63917,1
987,Female,France,59,0,29683,2,1,0,15416,1
988,Male,India,33,6,95520,4,1,1,83407,1
989,Male,India,55,4,38322,3,0,0,89152,0
990,Female,France,19,0,69541,2,0,1,40154,0
991,Female,France,19,0,18754,2,0,0,109774,0
992,Female,India,43,0,94545,1,1,1,106191,1
993,Male,Germany,30,10,105305,2,1,1,81956,1
994,Female,India,73,8,84535,2,1,1,80468,0
995,Male,France,64,10,23965,1,0,0,117841,0
996,Male,Germany,48,2,95162,1,1,1,94701,1
997,Female,Spain,51,4,45179,3,0,1,51909,1
998,Male,India,56,10,34870,2,0,0,72094,0
999,Female,India,20,9,58496,3,1,0,102273,1
1000,Male,India,25,8,57898,3,1,1,10000,0
